{
  "name": "angular-input-masks",
  "version": "2.1.1",
  "homepage": "https://github.com/assisrafael/angular-input-masks",
  "authors": [
    "Igor Rafael <igor.rafael@gmail.com>"
  ],
  "description": "Personalized and localized input masks for AngularJS",
  "main": "angular-input-masks-standalone.min.js",
  "keywords": [
    "angular",
    "input",
    "masks"
  ],
  "dependencies": {
    "angular": "~1.3.16",
    "br-validations": "~0.2.4",
    "string-mask": "~0.2.0"
  },
  "license": "MIT",
  "ignore": [
    "**/.*",
    "node_modules",
    "bower_components",
    "test",
    "tests"
  ],
  "_release": "2.1.1",
  "_resolution": {
    "type": "version",
    "tag": "2.1.1",
    "commit": "15cf461ee970a1dd2e3e099b105bddf2eec71360"
  },
  "_source": "git://github.com/assisrafael/bower-angular-input-masks.git",
  "_target": "~2.1.1",
  "_originalSource": "angular-input-masks",
  "_direct": true
}