[
  {
    "id": "73ce632e-0341-4cce-a65e-91097da4980f",
    "iszNumber": "2016-05.05-03-211-Ф-00.010",
    "statusId": "Сдача-приемка работ по этапу 1",
    "title": "Формирование технологического инструментария мониторинга реализации проектов для развития информационных ресурсов, обеспечивающих сопровождение федеральных целевых программ в сфере образования",
    "number": "05.05-03-211-Ф-00.010",
    "creationDate": "2016-02-04T14:27:52+0300",
    "common": {
      "id": "e2f24153-ff5a-4a83-92dd-df9c31b9d497",
      "type": "department",
      "fullName": "Департамент государственной политики в сфере общего образования",
      "shortName": "Департамент государственной политики в сфере общего образования"
    },
    "procResp": {
      "id": "1d03f765-fdaa-4b64-9f88-a772eba12e51",
      "name": "Михал Палыч",
      "lastName": "Терентьев",
      "patronymic": null,
      "departmentNotice": null
    },
    "financings": [
      {
        "year": 2015,
        "relYear": 1,
        "planPrice": null,
        "planQuantity": null
      },
      {
        "year": 2016,
        "relYear": 2,
        "planPrice": null,
        "planQuantity": null
      },
      {
        "year": 2017,
        "relYear": 3,
        "planPrice": null,
        "planQuantity": null
      }
    ],
    "controls": {
      "entity": [
        {
          "value": "Приемка обязательства",
          "url": null,
          "method": "POST",
          "expertList": null,
          "expertiseId": null,
          "name": "acceptance",
          "opName": "acceptance",
          "entityType": "lot"
        },
        {
          "value": "Редактировать",
          "url": "",
          "method": null,
          "expertList": null,
          "expertiseId": null,
          "name": "edit",
          "opName": "edit",
          "entityType": "lot"
        }
      ],
      "workflow": "default"
    },
    "stage":{
      "id":"e2f24153-ff5a-4a83-92dd-df9c31b9d498",
      "title":"2",
      "startingDate":"2016-02-15T14:27:52+0300",
      "executionDate":"2016-03-04T14:27:52+0300",
      "reportingDocDate":"2016-03-06T14:27:52+0300",
      "acceptanceDate":"2016-03-09T14:00:00+0300",
      "financing":"15000250.00",
      "acceptanceDateStatus":{
        "statusId":"offer",
        "icon":"event",
        "comment":"Мне так удобнее было бы",
        "workDate":"2016-03-14T14:00:00+0300",
        "currDate":"2016-03-10T14:25:00+0300",
        "userid":"1d03f765-fdaa-4b64-9f88-a772eba12e51"
      },
      "place":null,
      "results":"Выполнение обязательств по ГК",
      "expertize":{
        "reportingDocsComplect":{
          "id":1
        },
        "reportingDocsQuality":{
          "id":1
        },
        "worksConsist":{
          "id":2
        },
        "worksQuality":{
          "id":1
        },
        "reportingDocsContent":{
          "id":3
        },
        "stageAcceptanceResult":{
          "id":3
        },
        "expertiseDocs":[
          {
            "file":"12345.docx",
            "date":"2016-03-09T14:00:00+0300",
            "number":"2564",
            "format":"docx",
            "size":"30 кб."

          },
          {
            "file":"345.docx",
            "date":"2016-03-10T14:00:00+0300",
            "number":"2664",
            "format":"docx",
            "size":"50 кб."
          }
        ]
      }
    },
    "contract":{
      "contractNumber":"05.05-03-211-Ф-238",
      "contractDate":"2016-03-09T00:00:00+0300",
      "fioRespCustomer":"Мишин Иван Сергеевич",
      "status":"Статус ГК",
      "executor":{
        "fullName":"АО \"Вертикаль\"",
        "fioExecutor":"Коржов Петр Алексеевич"
      }
    }
  },
  {
    "id": "73ce632e-0341-4cce-a65e-91097da4985f",
    "iszNumber": "2016-05.05-03-211-Ф-00.010",
    "statusId": "Сдача-приемка работ по этапу 1",
    "title": "Формирование технологического инструментария мониторинга реализации проектов для развития информационных ресурсов, обеспечивающих сопровождение федеральных целевых программ в сфере образования",
    "number": "05.05-03-211-Ф-00.010",
    "creationDate": "2016-02-04T14:27:52+0300",
    "common": {
      "id": "e2f24153-ff5a-4a83-92dd-df9c31b9d497",
      "type": "department",
      "fullName": "Департамент государственной политики в сфере общего образования",
      "shortName": "Департамент государственной политики в сфере общего образования"
    },
    "procResp": {
      "id": "1d03f765-fdaa-4b64-9f88-a772eba12e51",
      "name": "Михал Палыч",
      "lastName": "Терентьев",
      "patronymic": null,
      "departmentNotice": null
    },
    "financings": [
      {
        "year": 2015,
        "relYear": 1,
        "planPrice": null,
        "planQuantity": null
      },
      {
        "year": 2016,
        "relYear": 2,
        "planPrice": null,
        "planQuantity": null
      },
      {
        "year": 2017,
        "relYear": 3,
        "planPrice": null,
        "planQuantity": null
      }
    ],
    "controls": {
      "entity": [
        {
          "value": "Приемка обязательства",
          "url": null,
          "method": "POST",
          "expertList": null,
          "expertiseId": null,
          "name": "acceptance",
          "opName": "acceptance",
          "entityType": "lot"
        },
        {
          "value": "Редактировать",
          "url": "",
          "method": null,
          "expertList": null,
          "expertiseId": null,
          "name": "edit",
          "opName": "edit",
          "entityType": "lot"
        }
      ],
      "workflow": "default"
    },
    "stage":{
      "id":"e2f24153-ff5a-4a83-92dd-df9c31b9d798",
      "title":"2",
      "startingDate":"2016-02-18T14:27:52+0300",
      "executionDate":"2016-03-04T14:27:52+0300",
      "reportingDocDate":"2016-03-06T14:27:52+0300",
      "acceptanceDate":"2016-03-09T14:00:00+0300",
      "financing":"5000250.00",
      "acceptanceDateStatus":{
        "statusId":"accept",
        "icon":"done",
        "comment":"Хорошо",
        "workDate":"2016-03-09T14:00:00+0300",
        "currDate":"2016-03-10T14:25:00+0300",
        "userid":"1d03f765-fdaa-4b64-9f88-a772eba12e51"
      },
      "place":null,
      "results":"Результат экспертизы",
      "expertize":{
        "reportingDocsComplect":{
          "id":1
        },
        "reportingDocsQuality":{
          "id":1
        },
        "worksConsist":{
          "id":2
        },
        "worksQuality":{
          "id":1
        },
        "reportingDocsContent":{
          "id":3
        },
        "stageAcceptanceResult":{
          "id":3
        },
        "expertiseDocs":[
          {
            "file":"12345.docx",
            "date":"2016-03-09T14:00:00+0300",
            "number":"2564",
            "format":"docx",
            "size":"30 кб."
          },
          {
            "file":"345.docx",
            "date":"2016-03-10T14:00:00+0300",
            "number":"2664",
            "format":"docx",
            "size":"60 кб."
          }
        ]
      }
    },
    "contract":{
      "contractNumber":"05.05-03-211-Ф-238",
      "contractDate":"2016-03-09T00:00:00+0300",
      "fioRespCustomer":"Мишин Иван Сергеевич",
      "status":"Статус ГК",
      "executor":{
        "fullName":"АО \"Вертикаль\"",
        "fioExecutor":"Коржов Петр Алексеевич"
      }
    }
  },
  {
    "id": "73ce632e-0341-4cce-a65e-91097da4985a",
    "iszNumber": "2016-05.05-03-211-Ф-00.010",
    "statusId": "Сдача-приемка работ по этапу 1",
    "title": "Формирование технологического инструментария мониторинга реализации проектов для развития информационных ресурсов, обеспечивающих сопровождение федеральных целевых программ в сфере образования",
    "number": "05.05-03-211-Ф-00.010",
    "creationDate": "2016-01-04T14:27:52+0300",
    "common": {
      "id": "e2f24153-ff5a-4a83-92dd-df9c31b9d497",
      "type": "department",
      "fullName": "Департамент государственной политики в сфере общего образования",
      "shortName": "Департамент государственной политики в сфере общего образования"
    },
    "procResp": {
      "id": "1d03f765-fdaa-4b64-9f88-a772eba12e51",
      "name": "Михал Палыч",
      "lastName": "Терентьев",
      "patronymic": null,
      "departmentNotice": null
    },
    "financings": [
      {
        "year": 2015,
        "relYear": 1,
        "planPrice": null,
        "planQuantity": null
      },
      {
        "year": 2016,
        "relYear": 2,
        "planPrice": null,
        "planQuantity": null
      },
      {
        "year": 2017,
        "relYear": 3,
        "planPrice": null,
        "planQuantity": null
      }
    ],
    "controls": {
      "entity": [
        {
          "value": "Приемка обязательства",
          "url": null,
          "method": "POST",
          "expertList": null,
          "expertiseId": null,
          "name": "acceptance",
          "opName": "acceptance",
          "entityType": "lot"
        },
        {
          "value": "Редактировать",
          "url": "",
          "method": null,
          "expertList": null,
          "expertiseId": null,
          "name": "edit",
          "opName": "edit",
          "entityType": "lot"
        }
      ],
      "workflow": "default"
    },
    "stage":{
      "id":"e2f24153-ff5a-4a83-92dd-df9c31b9d79a",
      "title":"2",
      "startingDate":"2016-01-21T14:27:52+0300",
      "executionDate":"2016-02-04T14:27:52+0300",
      "reportingDocDate":"2016-02-06T14:27:52+0300",
      "acceptanceDate":"2016-02-09T14:00:00+0300",
      "financing":"10000250.00",
      "acceptanceDateStatus":{
        "statusId":"reject",
        "icon":"event_busy",
        "comment":"Нет, в этот день не могу",
        "workDate":"2016-03-15T14:00:00+0300",
        "currDate":"2016-03-10T14:25:00+0300",
        "userid":"1d03f765-fdaa-4b64-9f88-a772eba12e51"
      },
      "place":null,
      "results":"Выполнение обязательств по ГК",
      "expertize":{
        "reportingDocsComplect":{
          "id":1
        },
        "reportingDocsQuality":{
          "id":1
        },
        "worksConsist":{
          "id":2
        },
        "worksQuality":{
          "id":1
        },
        "reportingDocsContent":{
          "id":3
        },
        "stageAcceptanceResult":{
          "id":3
        },
        "expertiseDocs":[
          {
            "file":"12345.docx",
            "date":"2016-03-09T14:00:00+0300",
            "number":"2564",
            "format":"docx",
            "size":"30 кб."
          },
          {
            "file":"345.docx",
            "date":"2016-03-10T14:00:00+0300",
            "number":"2664",
            "format":"docx",
            "size":"40 кб."
          }
        ]
      }
    },
    "contract":{
      "contractNumber":"05.05-03-211-Ф-238",
      "contractDate":"2016-03-09T00:00:00+0300",
      "fioRespCustomer":"Мишин Иван Сергеевич",
      "status":"Статус ГК",
      "executor":{
        "fullName":"АО \"Вертикаль\"",
        "fioExecutor":"Коржов Петр Алексеевич"
      }
    }
  },
  {
    "id": "73ce632e-0341-4cce-a65e-91096da4985a",
    "iszNumber": "2016-05.05-03-211-Ф-00.010",
    "statusId": "Сдача-приемка работ по этапу 1",
    "title": "Формирование технологического инструментария мониторинга реализации проектов для развития информационных ресурсов, обеспечивающих сопровождение федеральных целевых программ в сфере образования",
    "number": "05.06-03-211-Ф-00.010",
    "creationDate": "2016-02-04T14:27:52+0300",
    "common": {
      "id": "e2f24153-ff5a-4a83-92dd-df9c31b9d497",
      "type": "department",
      "fullName": "Департамент государственной политики в сфере общего образования",
      "shortName": "Департамент государственной политики в сфере общего образования"
    },
    "procResp": {
      "id": "1d03f765-fdaa-4b64-9f88-a772eba12e51",
      "name": "Михал Палыч",
      "lastName": "Терентьев",
      "patronymic": null,
      "departmentNotice": null
    },
    "financings": [
      {
        "year": 2015,
        "relYear": 1,
        "planPrice": null,
        "planQuantity": null
      },
      {
        "year": 2016,
        "relYear": 2,
        "planPrice": null,
        "planQuantity": null
      },
      {
        "year": 2017,
        "relYear": 3,
        "planPrice": null,
        "planQuantity": null
      }
    ],
    "controls": {
      "entity": [
        {
          "value": "Приемка обязательства",
          "url": null,
          "method": "POST",
          "expertList": null,
          "expertiseId": null,
          "name": "acceptance",
          "opName": "acceptance",
          "entityType": "lot"
        },
        {
          "value": "Редактировать",
          "url": "",
          "method": null,
          "expertList": null,
          "expertiseId": null,
          "name": "edit",
          "opName": "edit",
          "entityType": "lot"
        }
      ],
      "workflow": "default"
    },
    "stage":{
      "id":"e2f24153-ff5a-4a83-92dd-df9c31a9d79a",
      "title":"2",
      "startingDate":"2016-02-01T14:27:52+0300",
      "executionDate":"2016-02-08T14:27:52+0300",
      "reportingDocDate":"2016-02-15T14:27:52+0300",
      "acceptanceDate":null,
      "financing":"150000.00",
      "acceptanceDateStatus":{
        "statusId":"clear",
        "icon":null,
        "comment":null,
        "workDate":null,
        "currDate":"2016-03-10T14:25:00+0300",
        "userid":"1d03f765-fdaa-4b64-9f88-a772eba12e51"
      },
      "place":null,
      "results":"Выполнение обязательств по ГК",
      "expertize":{
        "reportingDocsComplect":{
          "id":1
        },
        "reportingDocsQuality":{
          "id":1
        },
        "worksConsist":{
          "id":2
        },
        "worksQuality":{
          "id":1
        },
        "reportingDocsContent":{
          "id":3
        },
        "stageAcceptanceResult":{
          "id":3
        },
        "expertiseDocs":[
          {
            "file":"12345.docx",
            "date":"2016-03-09T14:00:00+0300",
            "number":"2564",
            "format":"docx",
            "size":"20 кб."
          },
          {
            "file":"345.docx",
            "date":"2016-03-10T14:00:00+0300",
            "number":"2664",
            "format":"docx",
            "size":"80 кб."
          }
        ]
      }
    },
    "contract":{
      "contractNumber":"05.05-03-211-Ф-238",
      "contractDate":"2016-03-09T00:00:00+0300",
      "fioRespCustomer":"Мишин Иван Сергеевич",
      "status":"Статус ГК",
      "executor":{
        "fullName":"АО \"Вертикаль\"",
        "fioExecutor":"Коржов Петр Алексеевич"
      }
    }
  }

]