[
  {
    "statusId":"accept",
    "icon":"done",
    "comment":"Согласен",
    "workDate":"2016-03-14T14:00:00+0300",
    "currDate":"2016-03-10T14:25:00+0300",
    "userid":"1d03f765-fdaa-4b64-9f88-a772eba12e51"
  },
  {
    "statusId":"offer",
    "icon":"event",
    "comment":"А вот так?",
    "workDate":"2016-03-14T14:00:00+0300",
    "currDate":"2016-03-10T14:20:00+0300",
    "userid":"1d03f765-fdaa-4b64-9f88-a772eba12e52"
  },
  {
    "statusId":"reject",
    "icon":"event_busy",
    "comment":"Нет, не соласен",
    "workDate":"2016-03-13T14:00:00+0300",
    "currDate":"2016-03-10T14:15:00+0300",
    "userid":"1d03f765-fdaa-4b64-9f88-a772eba12e51"
  },
  {
    "statusId":"offer",
    "icon":"event",
    "comment":"может на это число?",
    "workDate":"2016-03-13T14:00:00+0300",
    "currDate":"2016-03-10T14:15:00+0300",
    "userid":"1d03f765-fdaa-4b64-9f88-a772eba12e52"
  }
]