{"rabbit_version":"3.5.6","users":[{"name":"iszgosbookru","password_hash":"ffZQ9vq4xbby8F26GKcJEkA9z28=","tags":"management"},{"name":"root","password_hash":"YEPmtQ3lySNqHmJavY+vCVbEJro=","tags":"administrator"}],"vhosts":[{"name":"/"},{"name":"iszgosbookru"}],"permissions":[{"user":"iszgosbookru","vhost":"iszgosbookru","configure":".*","write":".*","read":".*"},{"user":"root","vhost":"/","configure":".*","write":".*","read":".*"},{"user":"root","vhost":"iszgosbookru","configure":".*","write":".*","read":".*"}],"parameters":[],"policies":[],"queues":[{"name":"storage.api","vhost":"iszgosbookru","durable":true,"auto_delete":false,"arguments":{}},{"name":"skornouhov.tmp","vhost":"iszgosbookru","durable":true,"auto_delete":false,"arguments":{}},{"name":"integrations.freshdoc","vhost":"iszgosbookru","durable":true,"auto_delete":false,"arguments":{}},{"name":"app.transit","vhost":"iszgosbookru","durable":true,"auto_delete":false,"arguments":{}},{"name":"expertise.api","vhost":"iszgosbookru","durable":true,"auto_delete":false,"arguments":{}},{"name":"integrations.zakupki","vhost":"iszgosbookru","durable":true,"auto_delete":false,"arguments":{}},{"name":"auth.verify","vhost":"iszgosbookru","durable":true,"auto_delete":false,"arguments":{}},{"name":"postman.message","vhost":"iszgosbookru","durable":true,"auto_delete":false,"arguments":{}},{"name":"bpm.api","vhost":"iszgosbookru","durable":true,"auto_delete":false,"arguments":{}},{"name":"file","vhost":"iszgosbookru","durable":true,"auto_delete":false,"arguments":{}},{"name":"postman.status_changed","vhost":"iszgosbookru","durable":true,"auto_delete":false,"arguments":{}},{"name":"integrations.sstp","vhost":"iszgosbookru","durable":true,"auto_delete":false,"arguments":{}},{"name":"postman.config","vhost":"iszgosbookru","durable":true,"auto_delete":false,"arguments":{}},{"name":"storage.schema","vhost":"iszgosbookru","durable":true,"auto_delete":false,"arguments":{}},{"name":"auth.users","vhost":"iszgosbookru","durable":true,"auto_delete":false,"arguments":{}},{"name":"integrations.dfcp","vhost":"iszgosbookru","durable":true,"auto_delete":false,"arguments":{}},{"name":"postman.template","vhost":"iszgosbookru","durable":true,"auto_delete":false,"arguments":{}}],"exchanges":[{"name":"isz.file","vhost":"iszgosbookru","type":"topic","durable":true,"auto_delete":false,"internal":false,"arguments":{}},{"name":"isz.bpm","vhost":"iszgosbookru","type":"topic","durable":true,"auto_delete":false,"internal":false,"arguments":{}},{"name":"isz.expertise","vhost":"iszgosbookru","type":"topic","durable":true,"auto_delete":false,"internal":false,"arguments":{}},{"name":"isz.app","vhost":"iszgosbookru","type":"topic","durable":true,"auto_delete":false,"internal":false,"arguments":{}},{"name":"isz.postman","vhost":"iszgosbookru","type":"topic","durable":true,"auto_delete":false,"internal":false,"arguments":{}},{"name":"isz.integrations","vhost":"iszgosbookru","type":"topic","durable":true,"auto_delete":false,"internal":false,"arguments":{}},{"name":"isz","vhost":"iszgosbookru","type":"fanout","durable":true,"auto_delete":false,"internal":false,"arguments":{}},{"name":"isz.auth","vhost":"iszgosbookru","type":"topic","durable":true,"auto_delete":false,"internal":false,"arguments":{}},{"name":"isz.storage","vhost":"iszgosbookru","type":"topic","durable":true,"auto_delete":false,"internal":false,"arguments":{}}],"bindings":[{"source":"isz","vhost":"iszgosbookru","destination":"isz.app","destination_type":"exchange","routing_key":"","arguments":{}},{"source":"isz","vhost":"iszgosbookru","destination":"isz.auth","destination_type":"exchange","routing_key":"auth.#","arguments":{}},{"source":"isz","vhost":"iszgosbookru","destination":"isz.bpm","destination_type":"exchange","routing_key":"bpm.#","arguments":{}},{"source":"isz","vhost":"iszgosbookru","destination":"isz.expertise","destination_type":"exchange","routing_key":"expertise.#","arguments":{}},{"source":"isz","vhost":"iszgosbookru","destination":"isz.file","destination_type":"exchange","routing_key":"file.#","arguments":{}},{"source":"isz","vhost":"iszgosbookru","destination":"isz.integrations","destination_type":"exchange","routing_key":"integrations.#","arguments":{}},{"source":"isz","vhost":"iszgosbookru","destination":"isz.postman","destination_type":"exchange","routing_key":"postman.#","arguments":{}},{"source":"isz","vhost":"iszgosbookru","destination":"isz.storage","destination_type":"exchange","routing_key":"storage.#","arguments":{}},{"source":"isz.app","vhost":"iszgosbookru","destination":"app.transit","destination_type":"queue","routing_key":"app.transit.#","arguments":{}},{"source":"isz.auth","vhost":"iszgosbookru","destination":"auth.users","destination_type":"queue","routing_key":"auth.password.#","arguments":{}},{"source":"isz.auth","vhost":"iszgosbookru","destination":"auth.users","destination_type":"queue","routing_key":"auth.roles.get","arguments":{}},{"source":"isz.auth","vhost":"iszgosbookru","destination":"auth.users","destination_type":"queue","routing_key":"auth.users.create","arguments":{}},{"source":"isz.auth","vhost":"iszgosbookru","destination":"auth.users","destination_type":"queue","routing_key":"auth.users.get","arguments":{}},{"source":"isz.auth","vhost":"iszgosbookru","destination":"auth.users","destination_type":"queue","routing_key":"auth.users.get_by_role","arguments":{}},{"source":"isz.auth","vhost":"iszgosbookru","destination":"auth.verify","destination_type":"queue","routing_key":"auth.verify","arguments":{}},{"source":"isz.bpm","vhost":"iszgosbookru","destination":"bpm.api","destination_type":"queue","routing_key":"bpm.#","arguments":{}},{"source":"isz.expertise","vhost":"iszgosbookru","destination":"expertise.api","destination_type":"queue","routing_key":"expertise.#","arguments":{}},{"source":"isz.file","vhost":"iszgosbookru","destination":"file","destination_type":"queue","routing_key":"file.#","arguments":{}},{"source":"isz.integrations","vhost":"iszgosbookru","destination":"integrations.dfcp","destination_type":"queue","routing_key":"integrations.dfcp.#","arguments":{}},{"source":"isz.integrations","vhost":"iszgosbookru","destination":"integrations.freshdoc","destination_type":"queue","routing_key":"integrations.freshdoc.#","arguments":{}},{"source":"isz.integrations","vhost":"iszgosbookru","destination":"integrations.sstp","destination_type":"queue","routing_key":"integrations.sstp.#","arguments":{}},{"source":"isz.integrations","vhost":"iszgosbookru","destination":"integrations.zakupki","destination_type":"queue","routing_key":"integrations.zakupki.#","arguments":{}},{"source":"isz.postman","vhost":"iszgosbookru","destination":"postman.config","destination_type":"queue","routing_key":"postman.config.get","arguments":{}},{"source":"isz.postman","vhost":"iszgosbookru","destination":"postman.message","destination_type":"queue","routing_key":"postman.message.send","arguments":{}},{"source":"isz.postman","vhost":"iszgosbookru","destination":"postman.status_changed","destination_type":"queue","routing_key":"postman.status.changed","arguments":{}},{"source":"isz.postman","vhost":"iszgosbookru","destination":"postman.template","destination_type":"queue","routing_key":"postman.template.get","arguments":{}},{"source":"isz.storage","vhost":"iszgosbookru","destination":"storage.schema","destination_type":"queue","routing_key":"schema.#","arguments":{}},{"source":"isz.storage","vhost":"iszgosbookru","destination":"storage.api","destination_type":"queue","routing_key":"storage.api.#","arguments":{}}]}