{
    "FCPRO1-openconcurs": {
        "governmentOrder": {
            "show": true
        },
        "informationCardPurchases": {
            "show": true,
            "canEdit": true
        },
        "evaluationCriteriaOfApplications": {
            "show": true
        },
        "lotSettings": {
            "docRequirements1444": {
                "read": true,
                "edit": true,
                "name": "docRequirements1444",
                "type": "bool"
            },
            "govRequirements": {
                "read": true,
                "edit": true,
                "name": "govRequirements",
                "type": "bool"
            },
            "preferences282944": {
                "read": true,
                "edit": true,
                "name": "preferences282944",
                "type": "bool"
            },
            "applicationPostAddress": {
                "read": true,
                "edit": true,
                "name": "applicationPostAddress",
                "type": "string"
            },
            "applicationcourrieraddress": {
                "read": true,
                "edit": false,
                "name": "applicationcourrieraddress",
                "type": "string"
            },
            "applicationDateTimeStart": {
                "read": true,
                "edit": true,
                "name": "applicationDateTimeStart",
                "type": "date"
            },
            "applicationDateTimeEnd": {
                "read": true,
                "edit": true,
                "name": "applicationDateTimeEnd",
                "type": "date"
            },
            "applicationVskrAddress": {
                "read": true,
                "edit": true,
                "name": "applicationVskrAddress",
                "type": "string"
            },
            "applicationVskrDateTime": {
                "read": true,
                "edit": true,
                "name": "applicationVskrDateTime",
                "type": "date"
            },
            "criteriaMaxValues": {
                "read": true,
                "edit": true,
                "name": "criteriaMaxValues",
                "type": "string"
            },
            "criteriaRatings": {
                "read": true,
                "edit": true,
                "name": "criteriaRatings",
                "type": "enum"
            },
            "criteriaIndicators": {
                "read": true,
                "edit": true,
                "name": "criteriaIndicators",
                "type": "enum"
            }
        },
        "workTypeSettings": {
            "read": true,
            "edit": true,
            "remove": true,
            "add": true,
            "title": {
                "read": true,
                "edit": false,
                "name": "title",
                "type": "string"
            },
            "type": {
                "read": true,
                "edit": true,
                "name": "type",
                "type": "enum"
            }
        },
        "workKindSettings": {
            "read": true,
            "edit": true,
            "remove": true,
            "add": true,
            "title": {
                "read": true,
                "edit": true,
                "name": "title",
                "type": "string"
            },
            "qualitativeChar": {
                "read": true,
                "edit": true,
                "name": "qualitativeChar",
                "type": "string"
            },
            "results": {
                "read": true,
                "edit": true,
                "name": "results",
                "type": "string"
            },
            "nameOis": {
                "read": true,
                "edit": true,
                "name": "nameOis",
                "type": "string"
            },
            "volumeOis": {
                "read": true,
                "edit": true,
                "name": "volumeOis",
                "type": "string"
            },
            "license": {
                "read": true,
                "edit": true,
                "name": "license",
                "type": "string"
            },
            "gosAccred": {
                "read": true,
                "edit": true,
                "name": "gosAccred",
                "type": "string"
            },
            "rightsOis": {
                "read": true,
                "edit": true,
                "name": "rightsOis",
                "type": "string"
            },
            "npa": {
                "read": true,
                "edit": true,
                "name": "npa",
                "type": "string"
            },
            "warranty": {
                "read": true,
                "edit": true,
                "name": "warranty",
                "type": "string"
            },
            "specRequirements": {
                "read": true,
                "edit": true,
                "name": "specRequirements",
                "type": "string"
            }
        }
    },
    "FCPRO1-eauction": {
        "governmentOrder": {
            "show": true
        },
        "informationCardPurchases": {
            "show": true,
            "canEdit": true
        },
        "evaluationCriteriaOfApplications": {
            "show": true
        },
        "lotSettings": {
            "docRequirements1444": {
                "read": true,
                "edit": true,
                "name": "docRequirements1444",
                "type": "bool"
            },
            "govRequirements": {
                "read": true,
                "edit": true,
                "name": "govRequirements",
                "type": "bool"
            },
            "preferences282944": {
                "read": true,
                "edit": true,
                "name": "preferences282944",
                "type": "bool"
            },
            "applicationPostAddress": {
                "read": true,
                "edit": true,
                "name": "applicationPostAddress",
                "type": "string"
            },
            "applicationcourrieraddress": {
                "read": true,
                "edit": false,
                "name": "applicationcourrieraddress",
                "type": "string"
            },
            "applicationDateTimeStart": {
                "read": true,
                "edit": true,
                "name": "applicationDateTimeStart",
                "type": "date"
            },
            "applicationDateTimeEnd": {
                "read": true,
                "edit": true,
                "name": "applicationDateTimeEnd",
                "type": "date"
            },
            "applicationVskrAddress": {
                "read": true,
                "edit": true,
                "name": "applicationVskrAddress",
                "type": "string"
            },
            "applicationVskrDateTime": {
                "read": true,
                "edit": true,
                "name": "applicationVskrDateTime",
                "type": "date"
            }
        },
        "workTypeSettings": {
            "read": true,
            "edit": true,
            "remove": true,
            "add": true,
            "title": {
                "read": true,
                "edit": false,
                "name": "title",
                "type": "string"
            },
            "type": {
                "read": true,
                "edit": true,
                "name": "type",
                "type": "enum"
            }
        },
        "workKindSettings": {
            "read": true,
            "edit": true,
            "remove": true,
            "add": true,
            "title": {
                "read": true,
                "edit": true,
                "name": "title",
                "type": "string"
            },
            "qualitativeChar": {
                "read": true,
                "edit": true,
                "name": "qualitativeChar",
                "type": "string"
            },
            "results": {
                "read": true,
                "edit": true,
                "name": "results",
                "type": "string"
            },
            "nameOis": {
                "read": true,
                "edit": true,
                "name": "nameOis",
                "type": "string"
            },
            "volumeOis": {
                "read": true,
                "edit": true,
                "name": "volumeOis",
                "type": "string"
            },
            "license": {
                "read": true,
                "edit": true,
                "name": "license",
                "type": "string"
            },
            "gosAccred": {
                "read": true,
                "edit": true,
                "name": "gosAccred",
                "type": "string"
            },
            "rightsOis": {
                "read": true,
                "edit": true,
                "name": "rightsOis",
                "type": "string"
            },
            "npa": {
                "read": true,
                "edit": true,
                "name": "npa",
                "type": "string"
            },
            "warranty": {
                "read": true,
                "edit": true,
                "name": "warranty",
                "type": "string"
            },
            "specRequirements": {
                "read": true,
                "edit": true,
                "name": "specRequirements",
                "type": "string"
            }
        }
    },
    "FCPRO1-quotes": {
        "governmentOrder": {
            "show": true
        },
        "informationCardPurchases": {
            "show": true,
            "canEdit": true
        },
        "evaluationCriteriaOfApplications": {
            "show": true
        },
        "lotSettings": {
            "docRequirements1444": {
                "read": true,
                "edit": true,
                "name": "docRequirements1444",
                "type": "bool"
            },
            "govRequirements": {
                "read": true,
                "edit": true,
                "name": "govRequirements",
                "type": "bool"
            },
            "preferences282944": {
                "read": true,
                "edit": true,
                "name": "preferences282944",
                "type": "bool"
            },
            "applicationPostAddress": {
                "read": true,
                "edit": true,
                "name": "applicationPostAddress",
                "type": "string"
            },
            "applicationcourrieraddress": {
                "read": true,
                "edit": false,
                "name": "applicationcourrieraddress",
                "type": "string"
            },
            "applicationDateTimeStart": {
                "read": true,
                "edit": true,
                "name": "applicationDateTimeStart",
                "type": "date"
            },
            "applicationDateTimeEnd": {
                "read": true,
                "edit": true,
                "name": "applicationDateTimeEnd",
                "type": "date"
            },
            "applicationVskrAddress": {
                "read": true,
                "edit": true,
                "name": "applicationVskrAddress",
                "type": "string"
            },
            "applicationVskrDateTime": {
                "read": true,
                "edit": true,
                "name": "applicationVskrDateTime",
                "type": "date"
            },
            "criteriaMaxValues": {
                "read": true,
                "edit": true,
                "name": "criteriaMaxValues",
                "type": "string"
            },
            "criteriaRatings": {
                "read": true,
                "edit": true,
                "name": "criteriaRatings",
                "type": "enum"
            },
            "criteriaIndicators": {
                "read": true,
                "edit": true,
                "name": "criteriaIndicators",
                "type": "enum"
            }
        },
        "workTypeSettings": {
            "read": true,
            "edit": true,
            "remove": true,
            "add": true,
            "title": {
                "read": true,
                "edit": false,
                "name": "title",
                "type": "string"
            },
            "type": {
                "read": true,
                "edit": true,
                "name": "type",
                "type": "enum"
            }
        },
        "workKindSettings": {
            "read": true,
            "edit": true,
            "remove": true,
            "add": true,
            "title": {
                "read": true,
                "edit": true,
                "name": "title",
                "type": "string"
            },
            "qualitativeChar": {
                "read": true,
                "edit": true,
                "name": "qualitativeChar",
                "type": "string"
            },
            "results": {
                "read": true,
                "edit": true,
                "name": "results",
                "type": "string"
            },
            "nameOis": {
                "read": true,
                "edit": true,
                "name": "nameOis",
                "type": "string"
            },
            "volumeOis": {
                "read": true,
                "edit": true,
                "name": "volumeOis",
                "type": "string"
            },
            "license": {
                "read": true,
                "edit": true,
                "name": "license",
                "type": "string"
            },
            "gosAccred": {
                "read": true,
                "edit": true,
                "name": "gosAccred",
                "type": "string"
            },
            "rightsOis": {
                "read": true,
                "edit": true,
                "name": "rightsOis",
                "type": "string"
            },
            "npa": {
                "read": true,
                "edit": true,
                "name": "npa",
                "type": "string"
            },
            "warranty": {
                "read": true,
                "edit": true,
                "name": "warranty",
                "type": "string"
            },
            "specRequirements": {
                "read": true,
                "edit": true,
                "name": "specRequirements",
                "type": "string"
            }
        }
    },
    "FCPRO2-openconcurs": {
        "governmentOrder": {
            "show": true
        },
        "informationCardPurchases": {
            "show": true,
            "canEdit": true
        },
        "evaluationCriteriaOfApplications": {
            "show": true
        },
        "lotSettings": {
            "docRequirements1444": {
                "read": true,
                "edit": true,
                "name": "docRequirements1444",
                "type": "bool"
            },
            "govRequirements": {
                "read": true,
                "edit": true,
                "name": "govRequirements",
                "type": "bool"
            },
            "preferences282944": {
                "read": true,
                "edit": true,
                "name": "preferences282944",
                "type": "bool"
            },
            "applicationPostAddress": {
                "read": true,
                "edit": true,
                "name": "applicationPostAddress",
                "type": "string"
            },
            "applicationcourrieraddress": {
                "read": true,
                "edit": false,
                "name": "applicationcourrieraddress",
                "type": "string"
            },
            "applicationDateTimeStart": {
                "read": true,
                "edit": true,
                "name": "applicationDateTimeStart",
                "type": "date"
            },
            "applicationDateTimeEnd": {
                "read": true,
                "edit": true,
                "name": "applicationDateTimeEnd",
                "type": "date"
            },
            "applicationVskrAddress": {
                "read": true,
                "edit": true,
                "name": "applicationVskrAddress",
                "type": "string"
            },
            "applicationVskrDateTime": {
                "read": true,
                "edit": true,
                "name": "applicationVskrDateTime",
                "type": "date"
            },
            "criteriaMaxValues": {
                "read": true,
                "edit": true,
                "name": "criteriaMaxValues",
                "type": "string"
            },
            "criteriaRatings": {
                "read": true,
                "edit": true,
                "name": "criteriaRatings",
                "type": "enum"
            },
            "criteriaIndicators": {
                "read": true,
                "edit": true,
                "name": "criteriaIndicators",
                "type": "enum"
            }
        },
        "workTypeSettings": {
            "read": true,
            "edit": true,
            "remove": true,
            "add": true,
            "title": {
                "read": true,
                "edit": false,
                "name": "title",
                "type": "string"
            },
            "type": {
                "read": true,
                "edit": true,
                "name": "type",
                "type": "enum"
            }
        },
        "workKindSettings": {
            "read": true,
            "edit": true,
            "remove": true,
            "add": true,
            "title": {
                "read": true,
                "edit": true,
                "name": "title",
                "type": "string"
            },
            "qualitiveChar": {
                "read": true,
                "edit": true,
                "name": "qualitiveChar",
                "type": "string"
            },
            "result": {
                "read": true,
                "edit": true,
                "name": "result",
                "type": "string"
            },
            "nameOis": {
                "read": true,
                "edit": true,
                "name": "nameOis",
                "type": "string"
            },
            "volumeOis": {
                "read": true,
                "edit": true,
                "name": "volumeOis",
                "type": "string"
            },
            "license": {
                "read": true,
                "edit": true,
                "name": "license",
                "type": "string"
            },
            "gosAccred": {
                "read": true,
                "edit": true,
                "name": "gosAccred",
                "type": "string"
            },
            "rightsOis": {
                "read": true,
                "edit": true,
                "name": "rightsOis",
                "type": "string"
            },
            "npa": {
                "read": true,
                "edit": true,
                "name": "npa",
                "type": "string"
            },
            "warranty": {
                "read": true,
                "edit": true,
                "name": "warranty",
                "type": "string"
            },
            "specRequirements": {
                "read": true,
                "edit": true,
                "name": "specRequirements",
                "type": "string"
            }
        }
    },
    "FCPRO2-eauction": {
        "governmentOrder": {
            "show": true
        },
        "informationCardPurchases": {
            "show": true,
            "canEdit": true
        },
        "evaluationCriteriaOfApplications": {
            "show": true
        },
        "lotSettings": {
            "docRequirements1444": {
                "read": true,
                "edit": true,
                "name": "docRequirements1444",
                "type": "bool"
            },
            "govRequirements": {
                "read": true,
                "edit": true,
                "name": "govRequirements",
                "type": "bool"
            },
            "preferences282944": {
                "read": true,
                "edit": true,
                "name": "preferences282944",
                "type": "bool"
            },
            "applicationPostAddress": {
                "read": true,
                "edit": true,
                "name": "applicationPostAddress",
                "type": "string"
            },
            "applicationcourrieraddress": {
                "read": true,
                "edit": false,
                "name": "applicationcourrieraddress",
                "type": "string"
            },
            "applicationDateTimeStart": {
                "read": true,
                "edit": true,
                "name": "applicationDateTimeStart",
                "type": "date"
            },
            "applicationDateTimeEnd": {
                "read": true,
                "edit": true,
                "name": "applicationDateTimeEnd",
                "type": "date"
            },
            "applicationVskrAddress": {
                "read": true,
                "edit": true,
                "name": "applicationVskrAddress",
                "type": "string"
            },
            "applicationVskrDateTime": {
                "read": true,
                "edit": true,
                "name": "applicationVskrDateTime",
                "type": "date"
            }
        },
        "workTypeSettings": {
            "read": true,
            "edit": true,
            "remove": true,
            "add": true,
            "title": {
                "read": true,
                "edit": false,
                "name": "title",
                "type": "string"
            },
            "type": {
                "read": true,
                "edit": true,
                "name": "type",
                "type": "enum"
            }
        },
        "workKindSettings": {
            "read": true,
            "edit": true,
            "remove": true,
            "add": true,
            "title": {
                "read": true,
                "edit": true,
                "name": "title",
                "type": "string"
            },
            "qualitiveChar": {
                "read": true,
                "edit": true,
                "name": "qualitiveChar",
                "type": "string"
            },
            "result": {
                "read": true,
                "edit": true,
                "name": "result",
                "type": "string"
            },
            "nameOis": {
                "read": true,
                "edit": true,
                "name": "nameOis",
                "type": "string"
            },
            "volumeOis": {
                "read": true,
                "edit": true,
                "name": "volumeOis",
                "type": "string"
            },
            "license": {
                "read": true,
                "edit": true,
                "name": "license",
                "type": "string"
            },
            "gosAccred": {
                "read": true,
                "edit": true,
                "name": "gosAccred",
                "type": "string"
            },
            "rightsOis": {
                "read": true,
                "edit": true,
                "name": "rightsOis",
                "type": "string"
            },
            "npa": {
                "read": true,
                "edit": true,
                "name": "npa",
                "type": "string"
            },
            "warranty": {
                "read": true,
                "edit": true,
                "name": "warranty",
                "type": "string"
            },
            "specRequirements": {
                "read": true,
                "edit": true,
                "name": "specRequirements",
                "type": "string"
            }
        }
    },
    "FCPRO2-quotes": {
        "governmentOrder": {
            "show": true
        },
        "informationCardPurchases": {
            "show": true,
            "canEdit": true
        },
        "evaluationCriteriaOfApplications": {
            "show": true
        },
        "lotSettings": {
            "docRequirements1444": {
                "read": true,
                "edit": true,
                "name": "docRequirements1444",
                "type": "bool"
            },
            "govRequirements": {
                "read": true,
                "edit": true,
                "name": "govRequirements",
                "type": "bool"
            },
            "preferences282944": {
                "read": true,
                "edit": true,
                "name": "preferences282944",
                "type": "bool"
            },
            "applicationPostAddress": {
                "read": true,
                "edit": true,
                "name": "applicationPostAddress",
                "type": "string"
            },
            "applicationcourrieraddress": {
                "read": true,
                "edit": false,
                "name": "applicationcourrieraddress",
                "type": "string"
            },
            "applicationDateTimeStart": {
                "read": true,
                "edit": true,
                "name": "applicationDateTimeStart",
                "type": "date"
            },
            "applicationDateTimeEnd": {
                "read": true,
                "edit": true,
                "name": "applicationDateTimeEnd",
                "type": "date"
            },
            "applicationVskrAddress": {
                "read": true,
                "edit": true,
                "name": "applicationVskrAddress",
                "type": "string"
            },
            "applicationVskrDateTime": {
                "read": true,
                "edit": true,
                "name": "applicationVskrDateTime",
                "type": "date"
            }
        },
        "workTypeSettings": {
            "read": true,
            "edit": true,
            "remove": true,
            "add": true,
            "title": {
                "read": true,
                "edit": false,
                "name": "title",
                "type": "string"
            },
            "type": {
                "read": true,
                "edit": true,
                "name": "type",
                "type": "enum"
            }
        },
        "workKindSettings": {
            "read": true,
            "edit": true,
            "remove": true,
            "add": true,
            "title": {
                "read": true,
                "edit": true,
                "name": "title",
                "type": "string"
            },
            "qualitiveChar": {
                "read": true,
                "edit": true,
                "name": "qualitiveChar",
                "type": "string"
            },
            "result": {
                "read": true,
                "edit": true,
                "name": "result",
                "type": "string"
            },
            "nameOis": {
                "read": true,
                "edit": true,
                "name": "nameOis",
                "type": "string"
            },
            "volumeOis": {
                "read": true,
                "edit": true,
                "name": "volumeOis",
                "type": "string"
            },
            "license": {
                "read": true,
                "edit": true,
                "name": "license",
                "type": "string"
            },
            "gosAccred": {
                "read": true,
                "edit": true,
                "name": "gosAccred",
                "type": "string"
            },
            "rightsOis": {
                "read": true,
                "edit": true,
                "name": "rightsOis",
                "type": "string"
            },
            "npa": {
                "read": true,
                "edit": true,
                "name": "npa",
                "type": "string"
            },
            "warranty": {
                "read": true,
                "edit": true,
                "name": "warranty",
                "type": "string"
            },
            "specRequirements": {
                "read": true,
                "edit": true,
                "name": "specRequirements",
                "type": "string"
            }
        }
    },
    "FCPRO-openconcurs": {
        "governmentOrder": {
            "show": true
        },
        "informationCardPurchases": {
            "show": true,
            "canEdit": true
        },
        "evaluationCriteriaOfApplications": {
            "show": true
        },
        "lotSettings": {
            "applicationPostAddress": {
                "read": true,
                "edit": true,
                "name": "applicationPostAddress",
                "type": "string"
            },
            "applicationcourrieraddress": {
                "read": true,
                "edit": false,
                "name": "applicationcourrieraddress",
                "type": "string"
            },
            "applicationDateTimeStart": {
                "read": true,
                "edit": true,
                "name": "applicationDateTimeStart",
                "type": "date"
            },
            "applicationDateTimeEnd": {
                "read": true,
                "edit": true,
                "name": "applicationDateTimeEnd",
                "type": "date"
            },
            "applicationVskrAddress": {
                "read": true,
                "edit": true,
                "name": "applicationVskrAddress",
                "type": "string"
            },
            "applicationVskrDateTime": {
                "read": true,
                "edit": true,
                "name": "applicationVskrDateTime",
                "type": "date"
            },
            "criteriaMaxValues": {
                "read": true,
                "edit": true,
                "name": "criteriaMaxValues",
                "type": "string"
            },
            "criteriaRatings": {
                "read": true,
                "edit": true,
                "name": "criteriaRatings",
                "type": "enum"
            },
            "criteriaIndicators": {
                "read": true,
                "edit": true,
                "name": "criteriaIndicators",
                "type": "enum"
            }
        },
        "workTypeSettings": {
            "read": true,
            "edit": true,
            "remove": true,
            "add": true,
            "title": {
                "read": true,
                "edit": false,
                "name": "title",
                "type": "string"
            },
            "type": {
                "read": true,
                "edit": true,
                "name": "type",
                "type": "enum"
            }
        },
        "workKindSettings": {
            "read": true,
            "edit": true,
            "remove": true,
            "add": true,
            "title": {
                "read": true,
                "edit": true,
                "name": "title",
                "type": "string"
            },
            "qualitativeChar": {
                "read": true,
                "edit": true,
                "name": "qualitativeChar",
                "type": "string"
            },
            "results": {
                "read": true,
                "edit": true,
                "name": "results",
                "type": "string"
            },
            "nameOis": {
                "read": true,
                "edit": true,
                "name": "nameOis",
                "type": "string"
            },
            "npa": {
                "read": true,
                "edit": true,
                "name": "npa",
                "type": "string"
            },
            "warranty": {
                "read": true,
                "edit": true,
                "name": "warranty",
                "type": "string"
            },
            "specRequirements": {
                "read": true,
                "edit": true,
                "name": "specRequirements",
                "type": "string"
            },
            "volumeOis": {
                "read": true,
                "edit": true,
                "name": "volumeOis",
                "type": "string"
            },
            "specification_tasks":{
                "read": true,
                "edit": true,
                "name": "specification_tasks",
                "type": "string"
            },
            "specification_content":{
                "read": true,
                "edit": true,
                "name": "specification_content",
                "type": "string"
            },
            "specification_doc_req":{
                "read": true,
                "edit": true,
                "name": "specification_doc_req",
                "type": "string"
            },
            "specification_stage_content":{
                "read": true,
                "edit": true,
                "name": "specification_stage_content",
                "type": "string"
            },
            "specification_accept_conditions":{
                "read": true,
                "edit": true,
                "name": "specification_accept_conditions",
                "type": "string"
            },
            "gosAccred": {
                "read": true,
                "edit": true,
                "name": "gosAccred",
                "type": "string"
            }
        }
    },
    "FCPIR1-eauction": {
        "governmentOrder": {
            "show": true
        },
        "informationCardPurchases": {
            "show": true,
            "canEdit": true
        },
        "evaluationCriteriaOfApplications": {
            "show": true
        },
        "lotSettings": {
            "docRequirements1444": {
                "read": true,
                "edit": true,
                "name": "docRequirements1444",
                "type": "bool"
            },
            "govRequirements": {
                "read": true,
                "edit": true,
                "name": "govRequirements",
                "type": "bool"
            },
            "preferences282944": {
                "read": true,
                "edit": true,
                "name": "preferences282944",
                "type": "bool"
            },
            "applicationPostAddress": {
                "read": true,
                "edit": true,
                "name": "applicationPostAddress",
                "type": "string"
            },
            "applicationcourrieraddress": {
                "read": true,
                "edit": false,
                "name": "applicationcourrieraddress",
                "type": "string"
            },
            "applicationDateTimeStart": {
                "read": true,
                "edit": true,
                "name": "applicationDateTimeStart",
                "type": "date"
            },
            "applicationDateTimeEnd": {
                "read": true,
                "edit": true,
                "name": "applicationDateTimeEnd",
                "type": "date"
            },
            "applicationVskrAddress": {
                "read": true,
                "edit": true,
                "name": "applicationVskrAddress",
                "type": "string"
            },
            "applicationVskrDateTime": {
                "read": true,
                "edit": true,
                "name": "applicationVskrDateTime",
                "type": "date"
            }
        },
        "workTypeSettings": {
            "read": true,
            "edit": true,
            "remove": true,
            "add": true,
            "title": {
                "read": true,
                "edit": false,
                "name": "title",
                "type": "string"
            },
            "type": {
                "read": true,
                "edit": true,
                "name": "type",
                "type": "enum"
            }
        }
    },
    "FCPIR1-quotes": {
        "governmentOrder": {
            "show": true
        },
        "informationCardPurchases": {
            "show": true,
            "canEdit": true
        },
        "evaluationCriteriaOfApplications": {
            "show": true
        },
        "lotSettings": {
            "docRequirements1444": {
                "read": true,
                "edit": true,
                "name": "docRequirements1444",
                "type": "bool"
            },
            "govRequirements": {
                "read": true,
                "edit": true,
                "name": "govRequirements",
                "type": "bool"
            },
            "preferences282944": {
                "read": true,
                "edit": true,
                "name": "preferences282944",
                "type": "bool"
            },
            "applicationPostAddress": {
                "read": true,
                "edit": true,
                "name": "applicationPostAddress",
                "type": "string"
            },
            "applicationcourrieraddress": {
                "read": true,
                "edit": false,
                "name": "applicationcourrieraddress",
                "type": "string"
            },
            "applicationDateTimeStart": {
                "read": true,
                "edit": true,
                "name": "applicationDateTimeStart",
                "type": "date"
            },
            "applicationDateTimeEnd": {
                "read": true,
                "edit": true,
                "name": "applicationDateTimeEnd",
                "type": "date"
            },
            "applicationVskrAddress": {
                "read": true,
                "edit": true,
                "name": "applicationVskrAddress",
                "type": "string"
            },
            "applicationVskrDateTime": {
                "read": true,
                "edit": true,
                "name": "applicationVskrDateTime",
                "type": "date"
            }
        },
        "workTypeSettings": {
            "read": true,
            "edit": true,
            "remove": true,
            "add": true,
            "title": {
                "read": true,
                "edit": false,
                "name": "title",
                "type": "string"
            },
            "type": {
                "read": true,
                "edit": true,
                "name": "type",
                "type": "enum"
            }
        }
    },
    "FCPIR2-openconcurs": {
        "governmentOrder": {
            "show": true
        },
        "informationCardPurchases": {
            "show": true,
            "canEdit": true
        },
        "evaluationCriteriaOfApplications": {
            "show": true
        },
        "lotSettings": {
            "applicationPostAddress": {
                "read": true,
                "edit": true,
                "name": "applicationPostAddress",
                "type": "string"
            },
            "applicationCourrierAddress": {
                "read": true,
                "edit": false,
                "name": "applicationcourrieraddress",
                "type": "string"
            },
            "applicationDateTimeStart": {
                "read": true,
                "edit": true,
                "name": "applicationDateTimeStart",
                "type": "date"
            },
            "applicationDateTimeEnd": {
                "read": true,
                "edit": true,
                "name": "applicationDateTimeEnd",
                "type": "date"
            },
            "applicationVskrAddress": {
                "read": true,
                "edit": true,
                "name": "applicationVskrAddress",
                "type": "string"
            },
            "applicationVskrDateTime": {
                "read": true,
                "edit": true,
                "name": "applicationVskrDateTime",
                "type": "date"
            },
            "criteriaMaxValues": {
                "read": true,
                "edit": true,
                "name": "criteriaMaxValues",
                "type": "string"
            },
            "criteriaRatings": {
                "read": true,
                "edit": true,
                "name": "criteriaRatings",
                "type": "enum"
            },
            "criteriaIndicators": {
                "read": true,
                "edit": true,
                "name": "criteriaIndicators",
                "type": "enum"
            },
            "specificationTasks": {
                "read": true,
                "edit": true,
                "name": "specificationTasks",
                "type": "string"
            },
            "specificationContent":{
                "read": true,
                "edit": true,
                "name": "specificationContent",
                "type": "string"
            },
            "specificationDocReq":{
                "read": true,
                "edit": true,
                "name": "specificationDocReq",
                "type": "string"
            },
            "specificationStageContent": {
                "read": true,
                "edit": true,
                "name": "specificationStageContent",
                "type": "string"
            },
            "specificationAcceptConditions": {
                "read": true,
                "edit": true,
                "name": "specificationStageContent",
                "type": "string"
            }

        },
        "workTypeSettings": {
            "read": true,
            "edit": true,
            "remove": true,
            "add": true,
            "title": {
                "read": true,
                "edit": false,
                "name": "title",
                "type": "string"
            },
            "type": {
                "read": true,
                "edit": true,
                "name": "type",
                "type": "enum"
            }
        }
    },
    "FCPIR2-eauction": {
        "governmentOrder": {
            "show": true
        },
        "marketplaces": {
            "show": true
        },
        "docClarification": {
            "show": true
        },
        "auctionAction": {
            "show": true
        },
        "auctionConditions": {
            "show": true
        },
        "lotSettings": {
            "applicationRassmotrDateTime": {
                "read": true,
                "edit": true,
                "name": "applicationRassmotrDateTime",
                "type": "date"
            },
            "application1stpartReviewDateEnd": {
                "read": true,
                "edit": true,
                "name": "application1stpartReviewDateEnd",
                "type": "date"
            },
            "auctionDate": {
                "read": true,
                "edit": true,
                "name": "auctionDate",
                "type": "date"
            },
            "docClarificationStartDate": {
                "read": true,
                "edit": true,
                "name": "docClarificationStartDate",
                "type": "date"
            },
            "docClarificationEndDate": {
                "read": true,
                "edit": true,
                "name": "docClarificationEndDate",
                "type": "date"
            },
            "auctionPriceReduction": {
                "read": true,
                "edit": true,
                "type": "boolean",
                "name": "auctionPriceReduction"
            },
            "auctionQuantityChange": {
                "read": true,
                "edit": true,
                "type": "boolean",
                "name": "auctionQuantityChange"
            },
            "auctionQuantityIncrease": {
                "read": true,
                "edit": true,
                "type": "boolean",
                "name": "auctionQuantityIncrease"
            },
            "marketplace":{
                "read": true,
                "edit": true,
                "type": "object",
                "name": "marketplace"
            },
            "specificationTasks": {
                "read": true,
                "edit": true,
                "name": "specificationTasks",
                "type": "string"
            },
            "specificationContent":{
                "read": true,
                "edit": true,
                "name": "specificationContent",
                "type": "string"
            },
            "specificationDocReq":{
                "read": true,
                "edit": true,
                "name": "specificationDocReq",
                "type": "string"
            },
            "specificationStageContent": {
                "read": true,
                "edit": true,
                "name": "specificationStageContent",
                "type": "string"
            },
            "specificationAcceptConditions": {
                "read": true,
                "edit": true,
                "name": "specificationStageContent",
                "type": "string"
            }

        },
        "workTypeSettings": {
            "read": true,
            "edit": true,
            "remove": true,
            "add": true,
            "title": {
                "read": true,
                "edit": false,
                "name": "title",
                "type": "string"
            },
            "type": {
                "read": true,
                "edit": true,
                "name": "type",
                "type": "enum"
            }
        }
    },
    "FCPIR2-quotes": {
        "governmentOrder": {
            "show": true
        },
        "informationCardPurchases": {
            "show": true,
            "canEdit": true
        },
        "evaluationCriteriaOfApplications": {
            "show": true
        },
        "lotSettings": {
            "docRequirements1444": {
                "read": true,
                "edit": true,
                "name": "docRequirements1444",
                "type": "bool"
            },
            "govRequirements": {
                "read": true,
                "edit": true,
                "name": "govRequirements",
                "type": "bool"
            },
            "preferences282944": {
                "read": true,
                "edit": true,
                "name": "preferences282944",
                "type": "bool"
            },
            "applicationPostAddress": {
                "read": true,
                "edit": true,
                "name": "applicationPostAddress",
                "type": "string"
            },
            "applicationcourrieraddress": {
                "read": true,
                "edit": false,
                "name": "applicationcourrieraddress",
                "type": "string"
            },
            "applicationDateTimeStart": {
                "read": true,
                "edit": true,
                "name": "applicationDateTimeStart",
                "type": "date"
            },
            "applicationDateTimeEnd": {
                "read": true,
                "edit": true,
                "name": "applicationDateTimeEnd",
                "type": "date"
            },
            "applicationVskrAddress": {
                "read": true,
                "edit": true,
                "name": "applicationVskrAddress",
                "type": "string"
            },
            "applicationVskrDateTime": {
                "read": true,
                "edit": true,
                "name": "applicationVskrDateTime",
                "type": "date"
            }
        },
        "workTypeSettings": {
            "read": true,
            "edit": true,
            "remove": true,
            "add": true,
            "title": {
                "read": true,
                "edit": false,
                "name": "title",
                "type": "string"
            },
            "type": {
                "read": true,
                "edit": true,
                "name": "type",
                "type": "enum"
            }
        }
    }
}